<?xml version="1.0" encoding="UTF-8"?>
<project xmlns="http://maven.apache.org/POM/4.0.0" xmlns:xsi="http://www.w3.org/2001/XMLSchema-instance" xsi:schemaLocation="http://maven.apache.org/POM/4.0.0 http://maven.apache.org/maven-v4_0_0.xsd">
  <modelVersion>4.0.0</modelVersion>
  <groupId>com.example</groupId>
  <artifactId>demo1</artifactId>
  <name>demo1</name>
  <version>1.0-SNAPSHOT</version>
  <build>
    <plugins>
      <plugin>
        <artifactId>maven-compiler-plugin</artifactId>
        <version>3.8.1</version>
        <configuration>
          <source>17</source>
          <target>17</target>
        </configuration>
      </plugin>
      <plugin>
        <groupId>org.openjfx</groupId>
        <artifactId>javafx-maven-plugin</artifactId>
        <version>0.0.7</version>
        <executions>
          <execution>
            <id>default-cli</id>
            <configuration>
              <mainClass>com.example.demo12.AppLauncher</mainClass>
            </configuration>
          </execution>
        </executions>
      </plugin>
      <plugin>
        <artifactId>maven-shade-plugin</artifactId>
        <version>3.2.4</version>
        <executions>
          <execution>
            <phase>package</phase>
            <goals>
              <goal>shade</goal>
            </goals>
            <configuration>
              <transformers>
                <transformer>
                  <mainClass>com.example.demo12.AppLauncher</mainClass>
                </transformer>
              </transformers>
            </configuration>
          </execution>
        </executions>
      </plugin>
      <plugin>
        <groupId>com.akathist.maven.plugins.launch4j</groupId>
        <artifactId>launch4j-maven-plugin</artifactId>
        <executions>
          <execution>
            <id>l4j-clui</id>
            <phase>package</phase>
            <goals>
              <goal>launch4j</goal>
            </goals>
            <configuration>
              <dontWrapJar>false</dontWrapJar>
              <headerType>gui</headerType>
              <jar>target/Projekt_Java-1.0-SNAPSHOT-spring-boot.jar</jar>
              <outfile>target/Projekt_Java.exe</outfile>
              <downloadUrl>https://www.oracle.com/java/technologies/downloads/</downloadUrl>
              <stayAlive>true</stayAlive>
              <priority>high</priority>
              <jre>
                <path>%JAVA_HOME%;%PATH%</path>
                <bundledJre64Bit>false</bundledJre64Bit>
                <bundledJreAsFallback>false</bundledJreAsFallback>
                <minVersion>17</minVersion>
                <maxVersion>18</maxVersion>
                <jdkPreference>preferJdk</jdkPreference>
                <runtimeBits>64/32</runtimeBits>
              </jre>
              <splash>
                <file>src\main\resources\img\startapp.bmp</file>
                <waitForWindow>true</waitForWindow>
                <timeout>60</timeout>
                <timeoutErr>true</timeoutErr>
              </splash>
            </configuration>
          </execution>
        </executions>
      </plugin>
      <plugin>
        <groupId>org.panteleyev</groupId>
        <artifactId>jpackage-maven-plugin</artifactId>
        <version>1.4.0</version>
        <configuration>
          <name>JavaDoc</name>
          <appVersion>1.0.0</appVersion>
          <vendor>com.example</vendor>
          <destination>target/dist</destination>
          <module>com.example.demo12/com.example.demo12.Main</module>
          <runtimeImage>target/JavaDoc</runtimeImage>
          <winShortcut>true</winShortcut>
          <winDirChooser>true</winDirChooser>
          <winConsole>true</winConsole>
          <javaOptions>
            <option>-Dfile.encoding=UTF-8</option>
          </javaOptions>
        </configuration>
      </plugin>
    </plugins>
  </build>
  <dependencies>
    <dependency>
      <groupId>org.junit.jupiter</groupId>
      <artifactId>junit-jupiter-api</artifactId>
      <version>5.7.1</version>
      <scope>test</scope>
      <exclusions>
        <exclusion>
          <artifactId>apiguardian-api</artifactId>
          <groupId>org.apiguardian</groupId>
        </exclusion>
        <exclusion>
          <artifactId>opentest4j</artifactId>
          <groupId>org.opentest4j</groupId>
        </exclusion>
        <exclusion>
          <artifactId>junit-platform-commons</artifactId>
          <groupId>org.junit.platform</groupId>
        </exclusion>
      </exclusions>
    </dependency>
    <dependency>
      <groupId>org.junit.jupiter</groupId>
      <artifactId>junit-jupiter-engine</artifactId>
      <version>5.7.1</version>
      <scope>test</scope>
      <exclusions>
        <exclusion>
          <artifactId>junit-platform-engine</artifactId>
          <groupId>org.junit.platform</groupId>
        </exclusion>
        <exclusion>
          <artifactId>apiguardian-api</artifactId>
          <groupId>org.apiguardian</groupId>
        </exclusion>
      </exclusions>
    </dependency>
  </dependencies>
  <properties>
    <project.build.sourceEncoding>UTF-8</project.build.sourceEncoding>
    <junit.version>5.7.1</junit.version>
  </properties>
</project>
